{
  "_fv": 39,
  "_type": "gui",
  "definition": {
    "type": 0,
    "width": 176,
    "height": 176,
    "inventoryOffsetX": 0,
    "inventoryOffsetY": 0,
    "renderBgLayer": true,
    "doesPauseGame": false,
    "components": [
      {
        "type": "label",
        "data": {
          "name": "label_ss_grade_2_varisusingssgrade2",
          "text": {
            "fixedValue": "SS Grade 2: <VAR:IsUsingSSGrade2>",
            "name": "SSGrade2"
          },
          "color": {
            "value": -3355648,
            "falpha": 0.0
          },
          "displayCondition": {
            "name": "ShowSSGrade2"
          },
          "x": 128,
          "y": 36
        }
      },
      {
        "type": "label",
        "data": {
          "name": "label_ss2_varisusingss2",
          "text": {
            "fixedValue": "SS2: <VAR:IsUsingSS2>",
            "name": "SS2"
          },
          "color": {
            "value": -205,
            "falpha": 0.0
          },
          "displayCondition": {
            "name": "ShowSS2"
          },
          "x": 128,
          "y": 65
        }
      },
      {
        "type": "label",
        "data": {
          "name": "label_kaioken_varisusingkaioken",
          "text": {
            "fixedValue": "Kaioken: <VAR:IsUsingKaioken>",
            "name": "Kaioken"
          },
          "color": {
            "value": -13434880,
            "falpha": 0.0
          },
          "displayCondition": {
            "name": "ShowKaiokenTT"
          },
          "x": 128,
          "y": 94
        }
      },
      {
        "type": "label",
        "data": {
          "name": "label_ssgod_varisusingssgod",
          "text": {
            "fixedValue": "SSGod: <VAR:IsUsingSSGod>",
            "name": "SSGod"
          },
          "color": {
            "value": -3407872,
            "falpha": 0.0
          },
          "displayCondition": {
            "name": "ShowSSGod"
          },
          "x": 128,
          "y": 123
        }
      },
      {
        "type": "label",
        "data": {
          "name": "label_ssblue_varisusingssblue",
          "text": {
            "fixedValue": "SSBlue: <VAR:IsUsingSSBlue>",
            "name": "SSBlue"
          },
          "color": {
            "value": -16750951,
            "falpha": 0.0
          },
          "displayCondition": {
            "name": "ShowSSBlue"
          },
          "x": 128,
          "y": 152
        }
      },
      {
        "type": "label",
        "data": {
          "name": "label_buffed_varisusingssgrade2",
          "text": {
            "fixedValue": "Buffed: <VAR:IsUsingSSGrade2>",
            "name": "Buffed"
          },
          "color": {
            "value": -3355648,
            "falpha": 0.0
          },
          "displayCondition": {
            "name": "ShowBuffed"
          },
          "x": 128,
          "y": 36
        }
      },
      {
        "type": "label",
        "data": {
          "name": "label_ssrose_varisusingssblue",
          "text": {
            "fixedValue": "SSRose: <VAR:IsUsingSSBlue>",
            "name": "SSRose"
          },
          "color": {
            "value": -39169,
            "falpha": 0.0
          },
          "displayCondition": {
            "name": "ShowSSRose"
          },
          "x": 128,
          "y": 152
        }
      },
      {
        "type": "imagebutton",
        "data": {
          "name": "imagebutton_next",
          "image": "nextnew.png",
          "hoveredImage": "nexthovernew.png",
          "onClick": {
            "name": "OpenPage2TT"
          },
          "x": 282,
          "y": 209
        }
      },
      {
        "type": "imagebutton",
        "data": {
          "name": "imagebutton_button",
          "image": "buttonnew.png",
          "hoveredImage": "buttonhovernew.png",
          "onClick": {
            "name": "IsUsingSSGrade2"
          },
          "displayCondition": {
            "name": "ShowSSGrade2"
          },
          "x": 128,
          "y": 47
        }
      },
      {
        "type": "imagebutton",
        "data": {
          "name": "imagebutton_button1",
          "image": "buttonnew.png",
          "hoveredImage": "buttonhovernew.png",
          "onClick": {
            "name": "IsUsingSS2"
          },
          "displayCondition": {
            "name": "ShowSS2"
          },
          "x": 128,
          "y": 76
        }
      },
      {
        "type": "imagebutton",
        "data": {
          "name": "imagebutton_button2",
          "image": "buttonnew.png",
          "hoveredImage": "buttonhovernew.png",
          "onClick": {
            "name": "IsUsingKaioken"
          },
          "displayCondition": {
            "name": "ShowKaiokenTT"
          },
          "x": 128,
          "y": 105
        }
      },
      {
        "type": "imagebutton",
        "data": {
          "name": "imagebutton_button3",
          "image": "buttonnew.png",
          "hoveredImage": "buttonhovernew.png",
          "onClick": {
            "name": "IsUsingSSGod"
          },
          "displayCondition": {
            "name": "ShowSSGod"
          },
          "x": 128,
          "y": 134
        }
      },
      {
        "type": "imagebutton",
        "data": {
          "name": "imagebutton_button4",
          "image": "buttonnew.png",
          "hoveredImage": "buttonhovernew.png",
          "onClick": {
            "name": "IsUsingSSBlue"
          },
          "displayCondition": {
            "name": "ShowSSBlue"
          },
          "x": 128,
          "y": 163
        }
      }
    ],
    "gridSettings": {
      "sx": 18,
      "sy": 18,
      "ox": 11,
      "oy": 15,
      "snapOnGrid": false
    }
  }
}