{
  "_fv": 39,
  "_type": "gui",
  "definition": {
    "type": 0,
    "width": 176,
    "height": 176,
    "inventoryOffsetX": 0,
    "inventoryOffsetY": 0,
    "renderBgLayer": true,
    "doesPauseGame": false,
    "components": [
      {
        "type": "label",
        "data": {
          "name": "label_ss4_varisusingss4",
          "text": {
            "fixedValue": "SS4: <VAR:IsUsingSS4>",
            "name": "SS4"
          },
          "color": {
            "value": -205,
            "falpha": 0.0
          },
          "displayCondition": {
            "name": "ShowSS4"
          },
          "x": 129,
          "y": 36
        }
      },
      {
        "type": "label",
        "data": {
          "name": "label_proc_ultimate_training",
          "text": {
            "fixedValue": "Ultimate",
            "name": "IsUsingUltimate"
          },
          "color": {
            "value": -16777216,
            "falpha": 0.0
          },
          "displayCondition": {
            "name": "AlreadyBoughtUltimate"
          },
          "x": 129,
          "y": 65
        }
      },
      {
        "type": "label",
        "data": {
          "name": "label_proc_beast_training",
          "text": {
            "fixedValue": "",
            "name": "IsUsingBeast"
          },
          "color": {
            "value": -1,
            "falpha": 0.0
          },
          "displayCondition": {
            "name": "ShowBeastTraining"
          },
          "x": 128,
          "y": 94
        }
      },
      {
        "type": "label",
        "data": {
          "name": "label_isusingtpg",
          "text": {
            "fixedValue": "IsUsingTPG",
            "name": "ShowIsUsingTPG"
          },
          "color": {
            "value": -13421824,
            "falpha": 0.0
          },
          "displayCondition": {
            "name": "ShowTPG"
          },
          "x": 128,
          "y": 123
        }
      },
      {
        "type": "imagebutton",
        "data": {
          "name": "imagebutton_previous",
          "image": "previous.png",
          "hoveredImage": "previoushover.png",
          "onClick": {
            "name": "OpenTTChange"
          },
          "x": 128,
          "y": 209
        }
      },
      {
        "type": "imagebutton",
        "data": {
          "name": "imagebutton_button",
          "image": "button.png",
          "hoveredImage": "button_hover.png",
          "onClick": {
            "name": "IsUsingSS4"
          },
          "displayCondition": {
            "name": "ShowSS4"
          },
          "x": 128,
          "y": 49
        }
      },
      {
        "type": "imagebutton",
        "data": {
          "name": "imagebutton_button1",
          "image": "button.png",
          "hoveredImage": "button_hover.png",
          "onClick": {
            "name": "DoUltimate"
          },
          "displayCondition": {
            "name": "ShowUltimateTraining"
          },
          "x": 128,
          "y": 78
        }
      },
      {
        "type": "imagebutton",
        "data": {
          "name": "imagebutton_button2",
          "image": "button.png",
          "hoveredImage": "button_hover.png",
          "onClick": {
            "name": "DoBeast"
          },
          "displayCondition": {
            "name": "ShowBeastTraining"
          },
          "x": 128,
          "y": 107
        }
      },
      {
        "type": "imagebutton",
        "data": {
          "name": "imagebutton_button3",
          "image": "button.png",
          "hoveredImage": "button_hover.png",
          "onClick": {
            "name": "IsUsingTPG"
          },
          "displayCondition": {
            "name": "ShowTPG"
          },
          "x": 128,
          "y": 136
        }
      },
      {
        "type": "label",
        "data": {
          "name": "label_proc_is_using_ui",
          "text": {
            "fixedValue": "",
            "name": "IsUsingUI"
          },
          "color": {
            "value": -3342337,
            "falpha": 0.0
          },
          "displayCondition": {
            "name": "ShowUI"
          },
          "x": 128,
          "y": 152
        }
      },
      {
        "type": "imagebutton",
        "data": {
          "name": "imagebutton_button4",
          "image": "button.png",
          "hoveredImage": "button_hover.png",
          "onClick": {
            "name": "GonnaUseUI"
          },
          "displayCondition": {
            "name": "ShowUI"
          },
          "x": 128,
          "y": 165
        }
      }
    ],
    "gridSettings": {
      "sx": 18,
      "sy": 18,
      "ox": 11,
      "oy": 15,
      "snapOnGrid": false
    }
  }
}