{
  "_fv": 39,
  "_type": "gui",
  "definition": {
    "type": 0,
    "width": 176,
    "height": 106,
    "inventoryOffsetX": 0,
    "inventoryOffsetY": 0,
    "renderBgLayer": true,
    "doesPauseGame": false,
    "components": [
      {
        "type": "label",
        "data": {
          "name": "label_universal_communicator",
          "text": {
            "fixedValue": "Universal Communicator"
          },
          "color": {
            "value": -12829636,
            "falpha": 0.0
          },
          "x": 159,
          "y": 72
        }
      },
      {
        "type": "button",
        "data": {
          "name": "button_goku",
          "text": "Goku",
          "onClick": {
            "name": "ToGoku"
          },
          "width": 46,
          "height": 20,
          "x": 131,
          "y": 88
        }
      },
      {
        "type": "button",
        "data": {
          "name": "button_picollo",
          "text": "Picollo",
          "onClick": {
            "name": "ToPicollo"
          },
          "width": 61,
          "height": 20,
          "x": 131,
          "y": 120
        }
      }
    ],
    "gridSettings": {
      "sx": 18,
      "sy": 18,
      "ox": 11,
      "oy": 15,
      "snapOnGrid": false
    }
  }
}