{
  "_fv": 39,
  "_type": "achievement",
  "definition": {
    "achievementName": "Go Die",
    "achievementDescription": "Die",
    "achievementIcon": {
      "value": "CUSTOM:TheRevivinator"
    },
    "background": "Default",
    "disableDisplay": true,
    "showPopup": false,
    "announceToChat": false,
    "hideIfNotCompleted": true,
    "rewardLoot": [],
    "rewardRecipes": [],
    "rewardFunction": "No function",
    "rewardXP": 0,
    "achievementType": "task",
    "parent": {
      "value": "No parent: root"
    },
    "triggerxml": "<xml xmlns=\"https://developers.google.com/blockly/xml\"><block type=\"biome_entered\" x=\"51\" y=\"42\"><field name=\"biome\">CUSTOM:OtherworldType1</field><next><block type=\"advancement_trigger\" deletable=\"false\"></block></next></block></xml>"
  }
}