{
  "_fv": 39,
  "_type": "gui",
  "definition": {
    "type": 0,
    "width": 176,
    "height": 166,
    "inventoryOffsetX": 0,
    "inventoryOffsetY": 0,
    "renderBgLayer": true,
    "doesPauseGame": false,
    "components": [
      {
        "type": "label",
        "data": {
          "name": "label_vargokuspeaking",
          "text": {
            "fixedValue": "<VAR:GokuSpeaking>"
          },
          "color": {
            "value": -12829636,
            "falpha": 0.0
          },
          "x": 128,
          "y": 57
        }
      },
      {
        "type": "label",
        "data": {
          "name": "label_communicating_with_goku",
          "text": {
            "fixedValue": "Communicating with: Goku"
          },
          "color": {
            "value": -12829636,
            "falpha": 0.0
          },
          "x": 146,
          "y": 39
        }
      }
    ],
    "onOpen": {
      "name": "DoGokuLines"
    },
    "gridSettings": {
      "sx": 18,
      "sy": 18,
      "ox": 11,
      "oy": 15,
      "snapOnGrid": false
    }
  }
}