{
  "_fv": 39,
  "_type": "achievement",
  "definition": {
    "achievementName": "The End of the Beginning",
    "achievementDescription": "Kill the Wither",
    "achievementIcon": {
      "value": "Blocks.WITHER_ROSE"
    },
    "background": "Default",
    "disableDisplay": false,
    "showPopup": true,
    "announceToChat": true,
    "hideIfNotCompleted": true,
    "rewardLoot": [],
    "rewardRecipes": [],
    "rewardFunction": "No function",
    "rewardXP": 0,
    "achievementType": "challenge",
    "parent": {
      "value": "nether/summon_wither"
    },
    "triggerxml": "<xml xmlns=\"https://developers.google.com/blockly/xml\"><block type=\"custom_trigger\" x=\"-10\" y=\"32\"><next><block type=\"advancement_trigger\" deletable=\"false\"></block></next></block></xml>"
  }
}