{
  "_fv": 39,
  "_type": "biome",
  "definition": {
    "name": "Otherworld Type 1",
    "groundBlock": {
      "value": "Blocks.GRASS"
    },
    "undergroundBlock": {
      "value": "Blocks.DIRT#0"
    },
    "underwaterBlock": {
      "value": "Blocks.GRAVEL"
    },
    "airColor": {
      "value": -205,
      "falpha": 0.0
    },
    "grassColor": {
      "value": -13667010,
      "falpha": 0.0
    },
    "foliageColor": {
      "value": -13609672,
      "falpha": 0.0
    },
    "waterColor": {
      "value": -14604365,
      "falpha": 0.0
    },
    "waterFogColor": {
      "value": -14802042,
      "falpha": 0.0
    },
    "ambientSound": {
      "value": ""
    },
    "additionsSound": {
      "value": ""
    },
    "music": {
      "value": ""
    },
    "moodSound": {
      "value": ""
    },
    "moodSoundDelay": 6000,
    "spawnParticles": false,
    "particleToSpawn": {
      "value": "EXPLOSION_NORMAL"
    },
    "particlesProbability": 0.5,
    "rainingPossibility": 0.5,
    "temperature": 0.5,
    "spawnBiome": false,
    "spawnInCaves": false,
    "spawnBiomeNether": false,
    "genTemperature": {
      "min": -0.2,
      "max": 0.2
    },
    "genHumidity": {
      "min": -0.2,
      "max": 0.2
    },
    "genContinentalness": {
      "min": 0.31,
      "max": 0.71
    },
    "genErosion": {
      "min": 0.6000000000000001,
      "max": 1.0
    },
    "genWeirdness": {
      "min": -0.5096348140863414,
      "max": -0.1096348140863414
    },
    "grassPerChunk": 4,
    "seagrassPerChunk": 0,
    "flowersPerChunk": 4,
    "mushroomsPerChunk": 0,
    "bigMushroomsChunk": 0,
    "sandPatchesPerChunk": 0,
    "gravelPatchesPerChunk": 0,
    "reedsPerChunk": 0,
    "cactiPerChunk": 0,
    "treesPerChunk": 1,
    "vanillaTreeType": "Default",
    "treeType": 0,
    "minHeight": 7,
    "treeStem": {
      "value": ""
    },
    "treeBranch": {
      "value": ""
    },
    "treeVines": {
      "value": ""
    },
    "treeFruits": {
      "value": ""
    },
    "spawnStronghold": false,
    "spawnMineshaft": false,
    "spawnMineshaftMesa": false,
    "spawnPillagerOutpost": false,
    "villageType": "none",
    "spawnWoodlandMansion": false,
    "spawnJungleTemple": false,
    "spawnDesertPyramid": false,
    "spawnSwampHut": false,
    "spawnIgloo": false,
    "spawnOceanMonument": false,
    "spawnShipwreck": false,
    "spawnShipwreckBeached": false,
    "spawnBuriedTreasure": false,
    "oceanRuinType": "NONE",
    "spawnNetherBridge": false,
    "spawnNetherFossil": false,
    "spawnBastionRemnant": false,
    "spawnEndCity": false,
    "spawnRuinedPortal": "NONE",
    "defaultFeatures": [
      "Caves",
      "Ores",
      "FrozenTopLayer"
    ],
    "spawnEntries": []
  }
}