{
  "_fv": 39,
  "_type": "gui",
  "definition": {
    "type": 0,
    "width": 176,
    "height": 166,
    "inventoryOffsetX": 0,
    "inventoryOffsetY": 0,
    "renderBgLayer": true,
    "doesPauseGame": false,
    "components": [
      {
        "type": "label",
        "data": {
          "name": "label_varpiccolospeaking",
          "text": {
            "fixedValue": "<VAR:PiccoloSpeaking>"
          },
          "color": {
            "value": -12829636,
            "falpha": 0.0
          },
          "x": 128,
          "y": 57
        }
      },
      {
        "type": "label",
        "data": {
          "name": "label_communicating_with_picollo",
          "text": {
            "fixedValue": "Communicating with: Picollo"
          },
          "color": {
            "value": -12829636,
            "falpha": 0.0
          },
          "x": 143,
          "y": 39
        }
      },
      {
        "type": "label",
        "data": {
          "name": "label_proc_fly_price",
          "text": {
            "fixedValue": "",
            "name": "FlyPrice"
          },
          "color": {
            "value": -12829636,
            "falpha": 0.0
          },
          "displayCondition": {
            "name": "ShowPriceOfFly"
          },
          "x": 148,
          "y": 75
        }
      },
      {
        "type": "imagebutton",
        "data": {
          "name": "imagebutton_button",
          "image": "buttonnew.png",
          "hoveredImage": "buttonhovernew.png",
          "onClick": {
            "name": "BuyFly"
          },
          "x": 130,
          "y": 72
        }
      },
      {
        "type": "label",
        "data": {
          "name": "label_already_bought_fly",
          "text": {
            "fixedValue": "Already Bought Fly"
          },
          "color": {
            "value": -12829636,
            "falpha": 0.0
          },
          "displayCondition": {
            "name": "AlreadyBoughtFly"
          },
          "x": 149,
          "y": 75
        }
      }
    ],
    "onOpen": {
      "name": "DoPicolloLines"
    },
    "gridSettings": {
      "sx": 18,
      "sy": 18,
      "ox": 11,
      "oy": 15,
      "snapOnGrid": false
    }
  }
}