{
  "_fv": 39,
  "_type": "command",
  "definition": {
    "commandName": "sdbcalignment",
    "permissionLevel": "No requirement",
    "argsxml": "<xml xmlns=\"https://developers.google.com/blockly/xml\"><block type=\"args_start\" deletable=\"false\" x=\"40\" y=\"40\"><next><block type=\"string\"><field name=\"type\">word</field><field name=\"name\">set</field><statement name=\"args\"><block type=\"entity\"><field name=\"name\">player</field><field name=\"type\">player</field><statement name=\"args\"><block type=\"number_default\"><field name=\"name\">alignment</field><statement name=\"args\"><block type=\"call_procedure\"><field name=\"procedure\">SetAlignment</field></block></statement></block></statement></block></statement><next><block type=\"string\"><field name=\"type\">word</field><field name=\"name\">add</field><statement name=\"args\"><block type=\"entity\"><field name=\"name\">player</field><field name=\"type\">player</field><statement name=\"args\"><block type=\"number_default\"><field name=\"name\">alignment</field><statement name=\"args\"><block type=\"call_procedure\"><field name=\"procedure\">AddAlignment</field></block></statement></block></statement></block></statement></block></next></block></next></block></xml>"
  }
}