{
  "_fv": 39,
  "_type": "command",
  "definition": {
    "commandName": "sdbctrainingadd",
    "permissionLevel": "4",
    "argsxml": "<xml xmlns=\"https://developers.google.com/blockly/xml\"><block type=\"args_start\" deletable=\"false\" x=\"183\" y=\"109\"><next><block type=\"string\"><field name=\"type\">word</field><field name=\"name\">transformation</field><statement name=\"args\"><block type=\"number_min_max\"><field name=\"name\">xp</field><field name=\"min\">1</field><field name=\"max\">100000</field><statement name=\"args\"><block type=\"entity\"><field name=\"name\">player</field><field name=\"type\">player</field><statement name=\"args\"><block type=\"call_procedure\"><field name=\"procedure\">AddTP</field></block></statement></block></statement></block></statement></block></next></block></xml>"
  }
}