{
  "_fv": 39,
  "_type": "command",
  "definition": {
    "commandName": "sdbctp",
    "permissionLevel": "4",
    "argsxml": "<xml xmlns=\"https://developers.google.com/blockly/xml\"><block type=\"args_start\" deletable=\"false\" x=\"134\" y=\"67\"><next><block type=\"string\"><field name=\"type\">word</field><field name=\"name\">give</field><statement name=\"args\"><block type=\"number_min\"><field name=\"name\">amount</field><field name=\"min\">1</field><statement name=\"args\"><block type=\"entity\"><field name=\"name\">Player</field><field name=\"type\">player</field><statement name=\"args\"><block type=\"call_procedure\"><field name=\"procedure\">Givetp</field></block></statement></block></statement></block></statement><next><block type=\"string\"><field name=\"type\">word</field><field name=\"name\">take</field><statement name=\"args\"><block type=\"number_min\"><field name=\"name\">amount</field><field name=\"min\">1</field><statement name=\"args\"><block type=\"entity\"><field name=\"name\">Player</field><field name=\"type\">player</field><statement name=\"args\"><block type=\"call_procedure\"><field name=\"procedure\">Taketp</field></block></statement></block></statement></block></statement></block></next></block></next></block></xml>"
  }
}