{
  "_fv": 39,
  "_type": "command",
  "definition": {
    "commandName": "sdbckiabsorbed",
    "permissionLevel": "4",
    "argsxml": "<xml xmlns=\"https://developers.google.com/blockly/xml\"><block type=\"args_start\" deletable=\"false\" x=\"40\" y=\"40\"><next><block type=\"string\"><field name=\"type\">word</field><field name=\"name\">set</field><statement name=\"args\"><block type=\"string\"><field name=\"type\">word</field><field name=\"name\">god</field><statement name=\"args\"><block type=\"number_min_max\"><field name=\"name\">amount</field><field name=\"min\">0</field><field name=\"max\">100000</field><statement name=\"args\"><block type=\"entity\"><field name=\"name\">player</field><field name=\"type\">player</field><statement name=\"args\"><block type=\"call_procedure\"><field name=\"procedure\">SetGodKi</field></block></statement></block></statement></block></statement><next><block type=\"string\"><field name=\"type\">word</field><field name=\"name\">demonic</field><statement name=\"args\"><block type=\"number_min_max\"><field name=\"name\">amount</field><field name=\"min\">0</field><field name=\"max\">100000</field><statement name=\"args\"><block type=\"entity\"><field name=\"name\">player</field><field name=\"type\">player</field><statement name=\"args\"><block type=\"call_procedure\"><field name=\"procedure\">SetDemonicKi</field></block></statement></block></statement></block></statement></block></next></block></statement><next><block type=\"string\"><field name=\"type\">word</field><field name=\"name\">add</field><statement name=\"args\"><block type=\"string\"><field name=\"type\">word</field><field name=\"name\">god</field><statement name=\"args\"><block type=\"number_min_max\"><field name=\"name\">amount</field><field name=\"min\">-100000</field><field name=\"max\">100000</field><statement name=\"args\"><block type=\"entity\"><field name=\"name\">player</field><field name=\"type\">player</field><statement name=\"args\"><block type=\"call_procedure\"><field name=\"procedure\">AddGodKi</field></block></statement></block></statement></block></statement><next><block type=\"string\"><field name=\"type\">word</field><field name=\"name\">demonic</field><statement name=\"args\"><block type=\"number_min_max\"><field name=\"name\">amount</field><field name=\"min\">-100000</field><field name=\"max\">100000</field><statement name=\"args\"><block type=\"entity\"><field name=\"name\">player</field><field name=\"type\">player</field><statement name=\"args\"><block type=\"call_procedure\"><field name=\"procedure\">AddDemonicKi</field></block></statement></block></statement></block></statement></block></next></block></statement></block></next></block></next></block></xml>"
  }
}