{
  "_fv": 39,
  "_type": "gui",
  "definition": {
    "type": 0,
    "width": 300,
    "height": 166,
    "inventoryOffsetX": 0,
    "inventoryOffsetY": 0,
    "renderBgLayer": true,
    "doesPauseGame": false,
    "components": [
      {
        "type": "label",
        "data": {
          "name": "label_str_vartruestrength",
          "text": {
            "fixedValue": "STR: <VAR:trueStrength>",
            "name": "TrueStrength"
          },
          "color": {
            "value": -205,
            "falpha": 0.0
          },
          "x": 86,
          "y": 75
        }
      },
      {
        "type": "label",
        "data": {
          "name": "label_dex_vartruedefense",
          "text": {
            "fixedValue": "DEX: <VAR:trueDefense>",
            "name": "TrueDefense"
          },
          "color": {
            "value": -205,
            "falpha": 0.0
          },
          "x": 86,
          "y": 94
        }
      },
      {
        "type": "label",
        "data": {
          "name": "label_con_varconstitution_xvarmu",
          "text": {
            "fixedValue": "CON: <VAR:Constitution> x<VAR:multiplier>",
            "name": "Constitution"
          },
          "color": {
            "value": -205,
            "falpha": 0.0
          },
          "x": 86,
          "y": 114
        }
      },
      {
        "type": "label",
        "data": {
          "name": "label_wil_varwillpower",
          "text": {
            "fixedValue": "WIL: <VAR:Willpower>",
            "name": "Willpower"
          },
          "color": {
            "value": -205,
            "falpha": 0.0
          },
          "x": 86,
          "y": 134
        }
      },
      {
        "type": "label",
        "data": {
          "name": "label_mind_varmind",
          "text": {
            "fixedValue": "MIND: <VAR:Mind>",
            "name": "Mind"
          },
          "color": {
            "value": -205,
            "falpha": 0.0
          },
          "x": 86,
          "y": 155
        }
      },
      {
        "type": "label",
        "data": {
          "name": "label_spi_varspirit",
          "text": {
            "fixedValue": "SPI: <VAR:Spirit>",
            "name": "Spirit"
          },
          "color": {
            "value": -205,
            "falpha": 0.0
          },
          "x": 86,
          "y": 175
        }
      },
      {
        "type": "label",
        "data": {
          "name": "label_tp_vartp",
          "text": {
            "fixedValue": "TP: <VAR:tp>",
            "name": "AmountOfTP"
          },
          "color": {
            "value": -12829636,
            "falpha": 0.0
          },
          "x": 70,
          "y": 44
        }
      },
      {
        "type": "label",
        "data": {
          "name": "label_race_varrace",
          "text": {
            "fixedValue": "Race: <VAR:race>",
            "name": "Race"
          },
          "color": {
            "value": -12829636,
            "falpha": 0.0
          },
          "x": 70,
          "y": 56
        }
      },
      {
        "type": "label",
        "data": {
          "name": "label_form_vartransformation",
          "text": {
            "fixedValue": "Form: <VAR:transformation>",
            "name": "TransformationStats"
          },
          "color": {
            "value": -12829636,
            "falpha": 0.0
          },
          "x": 256,
          "y": 42
        }
      },
      {
        "type": "label",
        "data": {
          "name": "label_technique_vartechnique",
          "text": {
            "fixedValue": "Technique: <VAR:technique>",
            "name": "TechniqueStats"
          },
          "color": {
            "value": -12829636,
            "falpha": 0.0
          },
          "x": 256,
          "y": 54
        }
      },
      {
        "type": "label",
        "data": {
          "name": "label_tp_to_increase_statvartpcost",
          "text": {
            "fixedValue": "TP to Increase Stat:<VAR:tpCost>",
            "name": "TPtoIncreaseStat"
          },
          "color": {
            "value": -12829636,
            "falpha": 0.0
          },
          "x": 281,
          "y": 189
        }
      },
      {
        "type": "label",
        "data": {
          "name": "label_alignment_varalignment",
          "text": {
            "fixedValue": "Alignment: <VAR:Alignment>%",
            "name": "AlignmentStats"
          },
          "color": {
            "value": -6684673,
            "falpha": 0.0
          },
          "displayCondition": {
            "name": "ShowGoodAlignment"
          },
          "x": 256,
          "y": 67
        }
      },
      {
        "type": "label",
        "data": {
          "name": "label_xvaramounttobuy",
          "text": {
            "fixedValue": "x<VAR:amountToBuy>",
            "name": "AmountToBuy"
          },
          "color": {
            "value": -12829636,
            "falpha": 0.0
          },
          "x": 300,
          "y": 176
        }
      },
      {
        "type": "label",
        "data": {
          "name": "label_proc_multiplier",
          "text": {
            "fixedValue": "",
            "name": "Multiplier"
          },
          "color": {
            "value": -205,
            "falpha": 0.0
          },
          "x": 151,
          "y": 114
        }
      },
      {
        "type": "label",
        "data": {
          "name": "label_proc_alignment_stats",
          "text": {
            "fixedValue": "",
            "name": "AlignmentStats"
          },
          "color": {
            "value": -5340220,
            "falpha": 0.0
          },
          "displayCondition": {
            "name": "ShowNeutralAlignment"
          },
          "x": 256,
          "y": 67
        }
      },
      {
        "type": "label",
        "data": {
          "name": "label_proc_alignment_stats1",
          "text": {
            "fixedValue": "",
            "name": "AlignmentStats"
          },
          "color": {
            "value": -3407872,
            "falpha": 0.0
          },
          "displayCondition": {
            "name": "ShowEvilAlignment"
          },
          "x": 256,
          "y": 67
        }
      },
      {
        "type": "imagebutton",
        "data": {
          "name": "imagebutton_button",
          "image": "buttonnew.png",
          "hoveredImage": "buttonhovernew.png",
          "onClick": {
            "name": "IncreaseStrength"
          },
          "displayCondition": {
            "name": "DoIncreaseStrength"
          },
          "x": 68,
          "y": 72
        }
      },
      {
        "type": "imagebutton",
        "data": {
          "name": "imagebutton_button1",
          "image": "buttonnew.png",
          "hoveredImage": "buttonhovernew.png",
          "onClick": {
            "name": "IncreaseDefense"
          },
          "displayCondition": {
            "name": "DoIncreaseDefense"
          },
          "x": 68,
          "y": 91
        }
      },
      {
        "type": "imagebutton",
        "data": {
          "name": "imagebutton_button2",
          "image": "buttonnew.png",
          "hoveredImage": "buttonhovernew.png",
          "onClick": {
            "name": "IncreaseCon"
          },
          "displayCondition": {
            "name": "DoIncreaseCon"
          },
          "x": 68,
          "y": 111
        }
      },
      {
        "type": "imagebutton",
        "data": {
          "name": "imagebutton_button3",
          "image": "buttonnew.png",
          "hoveredImage": "buttonhovernew.png",
          "onClick": {
            "name": "IncreaseWil"
          },
          "displayCondition": {
            "name": "DoIncreaseWil"
          },
          "x": 68,
          "y": 131
        }
      },
      {
        "type": "imagebutton",
        "data": {
          "name": "imagebutton_button4",
          "image": "buttonnew.png",
          "hoveredImage": "buttonhovernew.png",
          "onClick": {
            "name": "IncreaseMind"
          },
          "displayCondition": {
            "name": "DoIncreaseMind"
          },
          "x": 68,
          "y": 151
        }
      },
      {
        "type": "imagebutton",
        "data": {
          "name": "imagebutton_button5",
          "image": "buttonnew.png",
          "hoveredImage": "buttonhovernew.png",
          "onClick": {
            "name": "IncreaseSpirit"
          },
          "displayCondition": {
            "name": "DoIncreaseSpirit"
          },
          "x": 68,
          "y": 172
        }
      },
      {
        "type": "imagebutton",
        "data": {
          "name": "imagebutton_button6",
          "image": "buttonnew.png",
          "hoveredImage": "buttonhovernew.png",
          "onClick": {
            "name": "ChangeAmountToBuy"
          },
          "x": 281,
          "y": 171
        }
      },
      {
        "type": "imagebutton",
        "data": {
          "name": "imagebutton_stats",
          "image": "statsnew.png",
          "hoveredImage": "statshovernew.png",
          "onClick": {
            "name": "ToStats"
          },
          "x": 66,
          "y": 204
        }
      },
      {
        "type": "imagebutton",
        "data": {
          "name": "imagebutton_skillsbutton",
          "image": "skillsnew.png",
          "hoveredImage": "skillshovernew.png",
          "onClick": {
            "name": "ToSkills"
          },
          "x": 85,
          "y": 204
        }
      },
      {
        "type": "imagebutton",
        "data": {
          "name": "imagebutton_transformationtraining",
          "image": "transformationtrainingnew.png",
          "hoveredImage": "transformationtraininghovernew.png",
          "onClick": {
            "name": "ToTransformationTraining"
          },
          "x": 105,
          "y": 204
        }
      },
      {
        "type": "imagebutton",
        "data": {
          "name": "imagebutton_techniquetraining",
          "image": "techniquetrainingnew.png",
          "hoveredImage": "techniquetraininghovernew.png",
          "onClick": {
            "name": "OpenTechniqueTraining"
          },
          "x": 124,
          "y": 204
        }
      }
    ],
    "gridSettings": {
      "sx": 18,
      "sy": 18,
      "ox": 11,
      "oy": 15,
      "snapOnGrid": false
    }
  }
}