{
  "_fv": 39,
  "_type": "gui",
  "definition": {
    "type": 0,
    "width": 225,
    "height": 166,
    "inventoryOffsetX": 0,
    "inventoryOffsetY": 0,
    "renderBgLayer": true,
    "doesPauseGame": false,
    "components": [
      {
        "type": "label",
        "data": {
          "name": "label_ssg2_varssgrade2trained",
          "text": {
            "fixedValue": "SSG2: <VAR:SSGrade2Trained>",
            "name": "GetKaiokenx4Training"
          },
          "color": {
            "value": -52429,
            "falpha": 0.0
          },
          "displayCondition": {
            "name": "ShowKaiokenx4"
          },
          "x": 104,
          "y": 68
        }
      },
      {
        "type": "label",
        "data": {
          "name": "label_ssg3_varssgrade3trained",
          "text": {
            "fixedValue": "SSG3: <VAR:SSGrade3Trained>",
            "name": "GetKaiokenx5Training"
          },
          "color": {
            "value": -65536,
            "falpha": 0.0
          },
          "displayCondition": {
            "name": "ShowKaiokenx5"
          },
          "x": 104,
          "y": 77
        }
      },
      {
        "type": "label",
        "data": {
          "name": "label_ss2_varss2trained",
          "text": {
            "fixedValue": "SS2: <VAR:SS2Trained>",
            "name": "GetKaiokenx10Training"
          },
          "color": {
            "value": -3407872,
            "falpha": 0.0
          },
          "displayCondition": {
            "name": "ShowKaiokenx10"
          },
          "x": 104,
          "y": 86
        }
      },
      {
        "type": "label",
        "data": {
          "name": "label_ss3_varss3trained",
          "text": {
            "fixedValue": "SS3: <VAR:SS3Trained>",
            "name": "GetKaiokenx20Training"
          },
          "color": {
            "value": -6750208,
            "falpha": 0.0
          },
          "displayCondition": {
            "name": "ShowKaiokenx20"
          },
          "x": 104,
          "y": 95
        }
      },
      {
        "type": "label",
        "data": {
          "name": "label_ssgod_varssgodtrained",
          "text": {
            "fixedValue": "SSGod: <VAR:SSGodTrained>",
            "name": "GetKaiokenx50Training"
          },
          "color": {
            "value": -10092544,
            "falpha": 0.0
          },
          "displayCondition": {
            "name": "ShowKaiokenx50"
          },
          "x": 104,
          "y": 104
        }
      },
      {
        "type": "label",
        "data": {
          "name": "label_ssgss_varssbluetrained",
          "text": {
            "fixedValue": "SSGSS: <VAR:SSBlueTrained>",
            "name": "GetUIOmenTraining"
          },
          "color": {
            "value": -3342337,
            "falpha": 0.0
          },
          "displayCondition": {
            "name": "ShowUltraInstinctOmen"
          },
          "x": 104,
          "y": 123
        }
      },
      {
        "type": "label",
        "data": {
          "name": "label_buffed_varbuffedtraning",
          "text": {
            "fixedValue": "Buffed: <VAR:BuffedTraning>",
            "name": "GetKaiokenx2Training"
          },
          "color": {
            "value": -26215,
            "falpha": 0.0
          },
          "displayCondition": {
            "name": "ShowKaiokenx2"
          },
          "x": 104,
          "y": 49
        }
      },
      {
        "type": "label",
        "data": {
          "name": "label_oozaru_varoozarutraining",
          "text": {
            "fixedValue": "Oozaru: <VAR:OozaruTraining>",
            "name": "GetKaiokenTraining"
          },
          "color": {
            "value": -13108,
            "falpha": 0.0
          },
          "displayCondition": {
            "name": "ShowKaioken"
          },
          "x": 104,
          "y": 39
        }
      },
      {
        "type": "label",
        "data": {
          "name": "label_golden_oozaru_vargoldenoozaru",
          "text": {
            "fixedValue": "Golden Oozaru: <VAR:GoldenOozaruTraining",
            "name": "GetKaiokenx3Training"
          },
          "color": {
            "value": -39322,
            "falpha": 0.0
          },
          "displayCondition": {
            "name": "ShowKaiokenx3"
          },
          "x": 104,
          "y": 58
        }
      },
      {
        "type": "label",
        "data": {
          "name": "label_ss4_varss4training",
          "text": {
            "fixedValue": "SS4: <VAR:SS4Training>",
            "name": "GetKaiokenx100Training"
          },
          "color": {
            "value": -13434880,
            "falpha": 0.0
          },
          "displayCondition": {
            "name": "ShowKaiokenx100"
          },
          "x": 104,
          "y": 114
        }
      },
      {
        "type": "imagebutton",
        "data": {
          "name": "imagebutton_stats",
          "image": "statsnew.png",
          "hoveredImage": "statshovernew.png",
          "onClick": {
            "name": "ToStats"
          },
          "x": 103,
          "y": 204
        }
      },
      {
        "type": "imagebutton",
        "data": {
          "name": "imagebutton_skillsbutton",
          "image": "skillsnew.png",
          "hoveredImage": "skillshovernew.png",
          "onClick": {
            "name": "ToSkills"
          },
          "x": 122,
          "y": 204
        }
      },
      {
        "type": "imagebutton",
        "data": {
          "name": "imagebutton_transformationtraining",
          "image": "transformationtrainingnew.png",
          "hoveredImage": "transformationtraininghovernew.png",
          "onClick": {
            "name": "ToTransformationTraining"
          },
          "x": 142,
          "y": 204
        }
      },
      {
        "type": "imagebutton",
        "data": {
          "name": "imagebutton_techniquetraining",
          "image": "techniquetrainingnew.png",
          "hoveredImage": "techniquetraininghovernew.png",
          "onClick": {
            "name": "OpenTechniqueTraining"
          },
          "x": 162,
          "y": 204
        }
      }
    ],
    "gridSettings": {
      "sx": 18,
      "sy": 18,
      "ox": 11,
      "oy": 15,
      "snapOnGrid": false
    }
  }
}