{
  "_fv": 39,
  "_type": "gui",
  "definition": {
    "type": 0,
    "width": 225,
    "height": 166,
    "inventoryOffsetX": 0,
    "inventoryOffsetY": 0,
    "renderBgLayer": true,
    "doesPauseGame": false,
    "components": [
      {
        "type": "label",
        "data": {
          "name": "label_ssg1_varintegersupersaiyantr",
          "text": {
            "fixedValue": "SSG1: <VAR:integer:SuperSaiyanTrained>",
            "name": "SSTraining"
          },
          "color": {
            "value": -154,
            "falpha": 0.0
          },
          "displayCondition": {
            "name": "SSG1TrainingShow"
          },
          "x": 104,
          "y": 49
        }
      },
      {
        "type": "label",
        "data": {
          "name": "label_ssg2_varssgrade2trained",
          "text": {
            "fixedValue": "SSG2: <VAR:SSGrade2Trained>",
            "name": "SSG2Training"
          },
          "color": {
            "value": -205,
            "falpha": 0.0
          },
          "displayCondition": {
            "name": "SSG2TrainingShow"
          },
          "x": 104,
          "y": 68
        }
      },
      {
        "type": "label",
        "data": {
          "name": "label_ssg3_varssgrade3trained",
          "text": {
            "fixedValue": "SSG3: <VAR:SSGrade3Trained>",
            "name": "SSG3Training"
          },
          "color": {
            "value": -256,
            "falpha": 0.0
          },
          "displayCondition": {
            "name": "SSG3"
          },
          "x": 104,
          "y": 77
        }
      },
      {
        "type": "label",
        "data": {
          "name": "label_fpss_varintegerfpsstrained",
          "text": {
            "fixedValue": "FPSS: <VAR:integer:FPSSTrained>",
            "name": "FPSSTraining"
          },
          "color": {
            "value": -256,
            "falpha": 0.0
          },
          "displayCondition": {
            "name": "FPSSTrainingShow"
          },
          "x": 103,
          "y": 49
        }
      },
      {
        "type": "label",
        "data": {
          "name": "label_ss2_varss2trained",
          "text": {
            "fixedValue": "SS2: <VAR:SS2Trained>",
            "name": "SS2Training"
          },
          "color": {
            "value": -3355648,
            "falpha": 0.0
          },
          "displayCondition": {
            "name": "SS2TrainingShow"
          },
          "x": 104,
          "y": 86
        }
      },
      {
        "type": "label",
        "data": {
          "name": "label_ss3_varss3trained",
          "text": {
            "fixedValue": "SS3: <VAR:SS3Trained>",
            "name": "SS3Training"
          },
          "color": {
            "value": -10066432,
            "falpha": 0.0
          },
          "displayCondition": {
            "name": "SS3TrainingShow"
          },
          "x": 104,
          "y": 95
        }
      },
      {
        "type": "label",
        "data": {
          "name": "label_ssgod_varssgodtrained",
          "text": {
            "fixedValue": "SSGod: <VAR:SSGodTrained>",
            "name": "SSGodTraining"
          },
          "color": {
            "value": -4123114,
            "falpha": 0.0
          },
          "displayCondition": {
            "name": "SSGodShow"
          },
          "x": 104,
          "y": 104
        }
      },
      {
        "type": "label",
        "data": {
          "name": "label_ssgss_varssbluetrained",
          "text": {
            "fixedValue": "SSGSS: <VAR:SSBlueTrained>",
            "name": "SSBlueTraining"
          },
          "color": {
            "value": -16495447,
            "falpha": 0.0
          },
          "displayCondition": {
            "name": "ShowSSBlue"
          },
          "x": 104,
          "y": 123
        }
      },
      {
        "type": "label",
        "data": {
          "name": "label_god_ki_absorbed_varintegergo",
          "text": {
            "fixedValue": "God Ki Absorbed: <VAR:integer:GodKiAbsorbed>",
            "name": "GodKiAbsorbed"
          },
          "color": {
            "value": -6823681,
            "falpha": 0.0
          },
          "displayCondition": {
            "name": "ShowGodKi"
          },
          "x": 106,
          "y": 188
        }
      },
      {
        "type": "label",
        "data": {
          "name": "label_demonic_ki_absorbedvardemonick",
          "text": {
            "fixedValue": "Demonic Ki Absorbed<VAR:DemonicKiAbsorbed>",
            "name": "DemonicKiAbsorbed"
          },
          "color": {
            "value": -63480,
            "falpha": 0.0
          },
          "displayCondition": {
            "name": "ShowDemonicKi"
          },
          "x": 107,
          "y": 188
        }
      },
      {
        "type": "label",
        "data": {
          "name": "label_buffed_varbuffedtraning",
          "text": {
            "fixedValue": "Buffed: <VAR:BuffedTraning>",
            "name": "BuffedTraining"
          },
          "color": {
            "value": -103,
            "falpha": 0.0
          },
          "displayCondition": {
            "name": "BuffedTrainingShow"
          },
          "x": 104,
          "y": 49
        }
      },
      {
        "type": "label",
        "data": {
          "name": "label_oozaru_varoozarutraining",
          "text": {
            "fixedValue": "Oozaru: <VAR:OozaruTraining>",
            "name": "OozaruTraining"
          },
          "color": {
            "value": -10079488,
            "falpha": 0.0
          },
          "displayCondition": {
            "name": "ShowOozaru"
          },
          "x": 104,
          "y": 39
        }
      },
      {
        "type": "label",
        "data": {
          "name": "label_golden_oozaru_vargoldenoozaru",
          "text": {
            "fixedValue": "Golden Oozaru: <VAR:GoldenOozaruTraining",
            "name": "GoldenOozaruTraining"
          },
          "color": {
            "value": -6711040,
            "falpha": 0.0
          },
          "displayCondition": {
            "name": "ShowGoldenOozaru"
          },
          "x": 104,
          "y": 58
        }
      },
      {
        "type": "label",
        "data": {
          "name": "label_ss4_varss4training",
          "text": {
            "fixedValue": "SS4: <VAR:SS4Training>",
            "name": "SS4Training"
          },
          "color": {
            "value": -6750208,
            "falpha": 0.0
          },
          "displayCondition": {
            "name": "ShowSS4"
          },
          "x": 104,
          "y": 114
        }
      },
      {
        "type": "label",
        "data": {
          "name": "label_ssblue_evolvedvarintegerssblu",
          "text": {
            "fixedValue": "SSBlue Evolved<VAR:integer:SSBlueEvolvedTraining>",
            "name": "SSBlueSHTraining"
          },
          "color": {
            "value": -16777114,
            "falpha": 0.0
          },
          "displayCondition": {
            "name": "ShowSSBE"
          },
          "x": 104,
          "y": 142
        }
      },
      {
        "type": "label",
        "data": {
          "name": "label_ss4_lb_varintegerss4lbtraini",
          "text": {
            "fixedValue": "SS4 LB: <VAR:integer:SS4LBTraining>",
            "name": "SS4LBTraining"
          },
          "color": {
            "value": -3407872,
            "falpha": 0.0
          },
          "displayCondition": {
            "name": "ShowSS4LB"
          },
          "x": 104,
          "y": 132
        }
      },
      {
        "type": "label",
        "data": {
          "name": "label_proc_ultimate_training",
          "text": {
            "fixedValue": "UltimateTraining",
            "name": "UltimateTraining"
          },
          "color": {
            "value": -16777216,
            "falpha": 0.0
          },
          "displayCondition": {
            "name": "ShowUltimateTraining"
          },
          "x": 105,
          "y": 153
        }
      },
      {
        "type": "label",
        "data": {
          "name": "label_proc_beast_training",
          "text": {
            "fixedValue": "BeastTraining",
            "name": "BeastTraining"
          },
          "color": {
            "value": -1,
            "falpha": 0.0
          },
          "displayCondition": {
            "name": "ShowBeastTraining"
          },
          "x": 105,
          "y": 164
        }
      },
      {
        "type": "imagebutton",
        "data": {
          "name": "imagebutton_next",
          "image": "nextnew.png",
          "hoveredImage": "nexthovernew.png",
          "onClick": {
            "name": "TransformationTrainingPage2Go"
          },
          "x": 306,
          "y": 20
        }
      },
      {
        "type": "imagebutton",
        "data": {
          "name": "imagebutton_stats",
          "image": "statsnew.png",
          "hoveredImage": "statshovernew.png",
          "onClick": {
            "name": "ToStats"
          },
          "x": 103,
          "y": 204
        }
      },
      {
        "type": "imagebutton",
        "data": {
          "name": "imagebutton_skillsbutton",
          "image": "skillsnew.png",
          "hoveredImage": "skillshovernew.png",
          "onClick": {
            "name": "ToSkills"
          },
          "x": 122,
          "y": 204
        }
      },
      {
        "type": "imagebutton",
        "data": {
          "name": "imagebutton_transformationtraining",
          "image": "transformationtrainingnew.png",
          "hoveredImage": "transformationtraininghovernew.png",
          "onClick": {
            "name": "ToTransformationTraining"
          },
          "x": 142,
          "y": 204
        }
      },
      {
        "type": "imagebutton",
        "data": {
          "name": "imagebutton_techniquetraining",
          "image": "techniquetrainingnew.png",
          "hoveredImage": "techniquetraininghovernew.png",
          "onClick": {
            "name": "OpenTechniqueTraining"
          },
          "x": 162,
          "y": 204
        }
      }
    ],
    "gridSettings": {
      "sx": 18,
      "sy": 18,
      "ox": 11,
      "oy": 15,
      "snapOnGrid": false
    }
  }
}