{
  "_fv": 39,
  "_type": "gui",
  "definition": {
    "type": 0,
    "width": 176,
    "height": 100,
    "inventoryOffsetX": 0,
    "inventoryOffsetY": 0,
    "renderBgLayer": true,
    "doesPauseGame": false,
    "components": [
      {
        "type": "button",
        "data": {
          "name": "button_revive",
          "text": "Revive",
          "onClick": {
            "name": "TRRevive"
          },
          "width": 56,
          "height": 20,
          "x": 182,
          "y": 107
        }
      },
      {
        "type": "label",
        "data": {
          "name": "label_the_revivinator",
          "text": {
            "fixedValue": "The Revivinator"
          },
          "color": {
            "value": -12829636,
            "falpha": 0.0
          },
          "x": 172,
          "y": 75
        }
      }
    ],
    "gridSettings": {
      "sx": 18,
      "sy": 18,
      "ox": 11,
      "oy": 15,
      "snapOnGrid": false
    }
  }
}